timeslot_id,day,start_time,end_time
1,Wednesday w1,09:00,11:30
2,Wednesday w1,11:30,1:30
3,Wednesday w1,2:00,4:00
4,Wednesday w1,4:30,6:30
5,sunday w1,9:00,11:00
6,sunday w1,11:30,1:30
7,sunday w1,2:00,4:00
8,sunday w1,4:30,6:30
9,Monday w1,9:00,11:00
10,Monday w1,11:30,1:30
11,Monday w1,2:00,4:00
12,Monday w1,4:30,6:30
13,Tuesday w1,09:00,11:30
14,Tuesday w1,11:30,1:30
15,Tuesday w1,2:00,4:00
16,Tuesday w1,4:30,6:30
17,Thursday w1,09:00,11:30
18,Thursday w1,11:30,1:30
19,Thursday w1,2:00,4:00
20,Thursday w1,4:30,6:30
21,Saturday w1,09:00,11:30
22,Saturday w1,11:30,1:30
23,Saturday w1,2:00,4:00
24,Saturday w1,4:30,6:30
25,Wednesday w2,09:00,11:30
26,Wednesday w2,11:30,1:30
27,Wednesday w2,2:00,4:00
28,Wednesday w2,4:30,6:30
29,sunday w2,9:00,11:00
30,sunday w2,11:30,1:30
31,sunday w2,2:00,4:00
32,sunday w2,4:30,6:30
33,Monday w2,9:00,11:00
34,Monday w2,11:30,1:30
35,Monday w2,2:00,4:00
36,Monday w2,4:30,6:30
37,Tuesday w2,09:00,11:30
38,Tuesday w2,11:30,1:30
39,Tuesday w2,2:00,4:00
40,Tuesday w2,4:30,6:30
41,Thursday w2,09:00,11:30
42,Thursday w2,11:30,1:30
43,Thursday w2,2:00,4:00
44,Thursday w2,4:30,6:30
45,Saturday w2,09:00,11:30
46,Saturday w2,11:30,1:30
47,Saturday w2,2:00,4:00
48,Saturday w2,4:30,6:30